url_path,views_total,views_unique
/grp-bork/MultiPath,11,4
/grp-bork/MultiPath/commits/main,5,1
/grp-bork/MultiPath/tree/2633be9e82388954eacfcca0a4c3472a86fa572c,3,1
/grp-bork/MultiPath/tree/2633be9e82388954eacfcca0a4c3472a86fa572c/multi/workflows,3,1
/grp-bork/MultiPath/blob/main/clowm_info.json,2,1
/grp-bork/MultiPath/tree/2633be9e82388954eacfcca0a4c3472a86fa572c/.github,2,1
/grp-bork/MultiPath/tree/2633be9e82388954eacfcca0a4c3472a86fa572c/.github/workflows,2,1
/grp-bork/MultiPath/tree/2633be9e82388954eacfcca0a4c3472a86fa572c/nevermore,2,1
/grp-bork/MultiPath/tree/2633be9e82388954eacfcca0a4c3472a86fa572c/nevermore/workflows,2,1
/grp-bork/MultiPath/blob/2633be9e82388954eacfcca0a4c3472a86fa572c/multi/workflows/input.nf,1,1
